{
  "id": "",
  "name": "",
  "font_family": "iconfont",
  "css_prefix_text": "icon-",
  "description": "",
  "glyphs": [
    {
      "icon_id": "34927",
      "name": "weibo",
      "font_class": "weibo",
      "unicode": "e6c4",
      "unicode_decimal": 59076
    },
    {
      "icon_id": "354639",
      "name": "qq",
      "font_class": "iconfonticon6",
      "unicode": "e62e",
      "unicode_decimal": 58926
    },
    {
      "icon_id": "778500",
      "name": "右箭头",
      "font_class": "youjiantou",
      "unicode": "e619",
      "unicode_decimal": 58905
    },
    {
      "icon_id": "911071",
      "name": "weixin",
      "font_class": "weixin",
      "unicode": "e636",
      "unicode_decimal": 58934
    },
    {
      "icon_id": "4770728",
      "name": "放大镜",
      "font_class": "fangdajing",
      "unicode": "e637",
      "unicode_decimal": 58935
    }
  ]
}
